日期,分类,账号,账户ID,账户类别,曝光量,点击量,消耗,现金消耗,下载量,下载均价,激活量,激活成本,注册成本,CPM,CPC,点击下载率,下载激活率,激活注册率,点击激活率,CPRA,CTR,CVR,注册量,次日留存率
2019-02-24,Android应用,1689735763,9314305,305测试,3993286,41270,21459.69,19508.80909090909,6855,3.1305164113785557,1124,19.092250889679715
